,OH,HOI,HO2,I,I2
0,18338179.343776524,12556462.815583646,40536497.73625304,12037486.275638256,1890944136.6613986
1,20973615.739554487,12479407.54434003,44341720.89677517,11966343.687856775,1683669548.580608
2,24780068.34188535,14933444.387889862,52680459.59790355,14318706.87473965,1698493282.3793979
3,31225447.296801366,17362052.80239515,64947718.86549508,16648685.183017096,1584016405.0945303
4,44469985.60593818,22567947.0726564,90600936.48198104,21641415.12809111,1458166069.4168682
5,58306059.406350344,26986418.19189789,116561136.26836818,25879072.629907053,1339871837.5781467
6,71794576.5344663,30454706.29556571,141217610.1864485,29205374.61596512,1235477299.6176863
7,98156772.49868146,35435757.91044425,188201713.928451,33981778.64426625,1060476565.7259717
8,40487920.01107992,20222011.833796304,81986400.68682826,19392930.934979193,1441290610.6365554
