,OH,HOI,HO2,I,I2
0,30092214.123276293,9531580.760947939,54405405.62315275,9125147.77866838,1094608499.0455866
1,33934140.72987923,9104466.108726164,59628201.49448734,8717437.436633172,940952033.399657
2,36334615.94541991,14801462.934091562,69473329.61821891,14165468.265850037,1363265743.0564063
3,47023058.4826494,19153701.470513716,90284106.45246896,18329178.45233462,1356766354.9186256
4,64627425.143093735,25885232.978815712,124471391.42588122,24768035.11022453,1326568570.5245006
5,84178531.66735643,34070940.608816996,163838212.256942,32594848.4088459,1326768820.6758823
6,101555805.2632102,41064630.47770981,199083726.8450184,39279941.533381306,1314872057.6586552
7,118517823.45471574,44085456.18516542,229667307.45772538,42168159.77227114,1212775954.4793146
8,126827781.86141524,45942807.6125243,245261542.09475067,43943141.71995405,1180197190.1647615
