,OH,HOI,HO2,I,I2
0,26036410.073874906,10378818.138096603,50572488.020126864,10007553.944688015,1097773705.8138719
1,29546122.35095965,9939359.833636945,55411293.878538,9585265.896012522,943672921.9614997
2,31028943.67162305,16026236.655754894,64545806.42357677,15447211.92915849,1367207808.1515126
3,40096885.64350738,20719407.761367705,83809849.102065,19969106.55819715,1360689626.1642947
4,55021254.55413332,27968514.360147476,115385879.8267219,26952481.202066377,1330404520.840692
5,71429045.3796564,36741472.03787382,151645968.343243,35400431.47629352,1330605350.0421495
6,85966086.18495436,44216295.81950073,184018071.1966955,42596176.75920442,1318674185.9446678
7,100512085.39498407,47481294.42460303,212011430.17051286,45740375.20401609,1216282858.2379456
8,107571805.68737727,49471644.236867495,226262341.89523673,47656072.16765092,1183609888.0722582
