,OH,HOI,HO2,I,I2
0,19350036.731953323,11444934.560026245,40557337.87733224,10946810.153575465,1885491984.593889
1,22008077.936940316,11349280.866717156,44367647.99606957,10857420.433409717,1678815030.5478835
2,26019442.95887789,13586243.53645707,52716968.404736884,12996791.755385725,1693596023.1311548
3,32696638.671574384,15780155.91047221,65004369.671142966,15096494.275563944,1579449216.5929947
4,46441176.248755336,20495796.8935271,90713416.17247857,19608219.713882707,1453961744.7115493
5,60741766.92531393,24491888.907969765,116750574.85028186,23431489.53586576,1336008590.1834629
6,74636718.1105569,27624313.286168993,141499731.35209346,26428303.02558466,1231915052.5989218
7,101702202.47996423,32117820.41027172,188714173.92745617,30726467.54711781,1057418897.660443
8,42251861.80478206,18357574.789633267,82078916.73024637,17563530.287330516,1437134942.8776238
