,OH,HOI,HO2,I,I2
0,16417712.040143408,11228916.187396972,36248737.5824483,10765012.917935997,1890944136.6613986
1,18781938.609164476,11161717.012101358,39657436.41833672,10703049.520746073,1683669548.580608
2,22202277.2234262,13360587.012999602,47128619.99441665,12810912.316393897,1698493282.3793983
3,27999141.00715547,15540421.758113455,58128375.39189854,14902354.191971954,1584016405.0945303
4,39940436.45509577,20219079.0426363,81161143.43840843,19389802.872542918,1458166069.4168684
5,52453999.62563546,24200805.19668234,104512133.03002304,23209028.775228918,1339871837.5781467
6,64690405.10902849,27336031.441729702,126730201.07093921,26216367.122702397,1235477299.6176863
7,88709353.342872,31862621.939731732,169174526.63724202,30557938.10805965,1060476565.7259715
8,36344316.29646573,18111766.273062408,73422776.7027492,17369870.631719053,1441290610.6365554
