,OH,HOI,HO2,I,I2
0,9730724.122033186,8061345.415607012,21086990.82769704,7856999.1313902065,4110411380.358414
1,16037659.753189368,10309965.856474524,31595190.023013666,10050820.3314623,3352966728.708576
2,22715146.51994197,12082588.503993914,42078862.51471175,11780514.94362694,2863571779.3936253
3,29714671.20179805,13435574.164474752,52537445.22369271,13101018.340203151,2492390070.1267557
4,37793591.76963204,13459860.914526109,62966937.11108877,13126426.121725608,2022867814.029748
5,45153682.39315531,14309844.234349756,73374423.20499629,13956070.24990323,1822173420.0094204
6,53466105.33273717,13981540.409953864,83751735.16646378,13636947.338134035,1530986873.4970832
7,25037219.70096386,9301101.191385603,42071820.827189736,9070622.06157045,2102927701.5372393
