,OH,HOI,HO2,I,I2
0,12082255.499771506,7672004.906160192,23615966.577203944,7469962.1870792,4110033395.674396
1,19550735.198308073,9731637.86752128,35386861.10475142,9477121.53105703,3352658397.022961
2,27362880.4325998,11342510.096119957,47132209.72692873,11047163.117289297,2863308451.4261694
3,35472025.521404915,12559298.921540314,58851553.47586843,12233335.465801615,2492160875.239449
4,44598185.72558695,12512990.047045734,70541502.76080777,12189596.254089799,2022681795.410018
5,53024655.63640953,13271959.194688702,82208134.96646683,12929513.263760902,1822005856.819108
6,62338518.543026485,12922335.490337888,93844521.79269145,12589748.304364784,1530846087.2019742
7,29595133.099344574,8653813.779436702,47126168.68830524,8430115.018245041,2102734320.7806134
