,OH,HOI,HO2,I,I2
0,9730724.145025669,8025041.247388471,21086990.827683806,7856999.137093138,4110411380.358414
1,16037659.801098501,10263926.401657106,31595190.022970326,10050820.340882402,3352966728.708576
2,22715146.598878797,12028923.62227924,42078862.5146139,11780514.956626968,2863571779.3936253
3,29714671.31598623,13376140.196860012,52537445.22351229,13101018.35631387,2492390070.1267557
4,37793591.91407771,13400626.897055905,62966937.11080834,13126426.137918206,2022867814.029748
5,45153682.57611598,14246999.214380493,73374423.20457807,13956070.268169789,1822173420.0094204
6,53466105.54349166,13920327.777869392,83751735.1659058,13636947.355506226,1530986873.4970832
7,25037219.76710268,9260152.828809118,42071820.82710431,9070622.069336312,2102927701.5372393
