,OH,HOI,HO2,I,I2
0,16196707.5399867,12296651.252068695,37731563.05711931,11844781.579956152,1890944136.6613986
1,18582165.31534888,12235302.727005716,41268152.57975804,11788198.648983147,1683669548.580608
2,21939737.78885863,14637358.487717211,49018736.35810128,14101737.763195138,1698493282.3793983
3,27678993.085388944,17024921.79208527,60413002.57922605,16403143.020139176,1584016405.0945303
4,39444861.327564135,22133897.078311905,84216820.71443117,21326122.24167759,1458166069.4168684
5,51743619.941494584,26470873.794190347,108270577.88277242,25505262.551409338,1339871837.5781467
6,63736214.68069967,29875099.537565812,131083331.97764638,28785505.932382867,1235477299.6176863
7,87163542.56162417,34760937.88640458,174464765.09275544,33492632.041939218,1060476565.7259715
8,35938813.37447134,19838907.45236928,76225635.28118938,19115966.515463978,1441290610.6365554
