,OH,HOI,HO2,I,I2
0,29109266.29977625,10578178.436790127,54360521.20102371,10151990.084348686,1097773705.8138719
1,32963871.656064965,10122048.99659333,59572729.08811418,9715809.354054712,943672921.9614997
2,34864066.15094918,16366152.92105522,69403859.1178841,15700600.775639528,1367207808.1515126
3,45098378.90621716,21168184.035228834,90167063.44104022,20305572.049427196,1360689626.1642947
4,61967940.422187224,28591503.04172418,124249311.33590049,27423059.68655838,1330404520.8406923
5,80613998.69935079,37592827.79909655,163457077.11706406,36049927.82041387,1330605350.0421495
6,97180635.56495538,45272628.275209054,198524734.4029466,43407989.76386523,1318674185.9446678
7,113628797.19008926,48620669.88232151,228915154.00865903,46617099.031719,1216282858.2379453
8,121647856.26451437,50666823.546720624,244402126.01801524,48577232.12472111,1183609888.0722582
