,OH,HOI,HO2,I,I2
0,26086584.345862567,9465621.365940204,48639567.6174915,9084495.406962097,1097773705.8138719
1,29551429.864523817,9059421.319647148,53314513.67858171,8696079.50300599,943672921.9614997
2,31273207.744390383,14652518.852894174,62130311.19739565,14057122.28647681,1367207808.1515126
3,40507335.78604588,18966250.23890374,80776233.7820976,18194154.06363897,1360689626.1642947
4,55781025.463880695,25649540.12563994,111441007.63680385,24602786.554265015,1330404520.840692
5,72745916.23169778,33772717.997717306,146802877.04229218,32389126.379105583,1330605350.0421495
6,87889579.43088855,40723698.999455035,178508027.97635156,39050098.48307827,1318674185.9446678
7,102964856.93291718,43785064.92719503,206052402.29234517,41985319.214738004,1216282858.2379456
8,110339443.68447953,45653774.53553532,220108846.5645185,43775999.9303872,1183609888.0722582
