,OH,HOI,HO2,I,I2
0,11955883.895904114,7825035.3159993375,23616150.152844194,7618761.623284667,4212890218.2674932
1,19245356.64353885,9735728.67748818,34999325.36789355,9480995.321607677,3398961469.2987537
2,26591157.20349218,11315340.47755457,46112117.23126445,11020522.324929906,2929276532.492103
3,34342406.728765115,12150492.888245065,56962466.796282984,11835157.979567336,2490861623.980026
4,42394006.88894035,12376615.052639175,67558877.30925685,12056540.991783177,2096906216.0223486
5,50189590.373826444,12672128.787884673,77911708.75672315,12345146.965674983,1837054989.0898426
6,58301269.9607933,12355289.266862953,88026633.09685381,12037243.321229666,1563059474.2909136
7,28980006.450538266,8437973.758125631,46105785.30940666,8219876.401326503,2094835458.1520293
