,OH,HOI,HO2,I,I2
0,10891815.532182427,9025266.773251899,23608261.179187782,8796468.893326009,4110411380.358414
1,17947039.638708487,11541310.148759034,35368166.60183936,11251181.149988826,3352966728.708576
2,25413436.26196102,13523916.225522473,47097362.687894724,13185756.734120587,2863571779.393625
3,33236420.965929363,15036358.626127271,58795161.71273936,14661870.304875761,2492390070.1267557
4,42262424.060783654,15061508.300842047,70456574.10768424,14688310.452661129,2022867814.029748
5,50480610.020531744,16010549.01627363,82090487.15102953,15614622.729494356,1822173420.0094204
6,59758955.762304634,15641112.462352043,93686698.76513308,15255498.047221974,1530986873.4970832
7,28010934.294227622,10410484.263774745,47088543.72617725,10152475.037584482,2102927701.5372393
