,OH,HOI,HO2,I,I2
0,23847113.95993243,7531458.126401033,42988895.92452252,7210665.893936504,1094608499.0455866
1,26909745.9446096,7196808.7330397405,47134617.95552974,6891245.99639935,940952033.399657
2,28845414.37748292,11706851.85208291,54947004.79034703,11204525.94437798,1363265743.0564063
3,37425144.74990438,15170554.401724817,71506049.24737366,14518670.848994287,1356766354.9186256
4,51649707.88073912,20549835.70286438,98807940.84200497,19665099.02598336,1326568570.5245006
5,67593953.58523872,27119907.409481406,130393837.0609118,25948748.04298894,1326768820.6758823
6,81892613.92706814,32763973.751393393,158807286.12356836,31345575.747987524,1314872057.6586552
7,95926184.65426005,35248626.54399055,183579997.25484782,33722518.41816834,1212775954.4793146
8,102845297.79700252,36772816.5496674,196246378.65433234,35179923.508394845,1180197190.1647615
