,OH,HSO3,HO2,SO3,H2SO4
0,1.0096563140508886e-10,7.511373329543417e-13,590990.6639879241,305005.6978395172,14146.781749814945
1,9.911357996352853e-11,7.373589315576159e-13,580148.735398946,299851.828968524,13392.322792893001
2,0.0004801562349965292,1.779571187159502e-06,811530.6180611117,401619.4998106732,35401.47299156542
3,0.0031696485891640294,1.1747459121868756e-05,4823961.321146612,1145944.8834218201,1679676.198848091
4,0.007883692740146487,2.9218812876450003e-05,10831052.022896875,101689.5130769411,6833634.8756415555
5,0.0238065418343692,8.823265066754932e-05,26833127.39083069,1.5914743154528184,17503495.77950678
6,0.04250573437586798,0.0001575363010660001,39576172.5180985,0.04588204096394946,25796854.58842685
7,0.05762579441232317,0.00021357483907500635,44569650.4426208,0.03636091649297682,28986108.130794957
8,0.08806997778928338,0.0003264082706735692,57056449.37334338,0.02528134137558668,37034788.22545873
9,0.04737381770851698,0.00017557871189742127,81481719.88658914,0.00783176444746186,53664905.0934532
10,0.0661320866994152,0.00024510150603593826,114565340.32951918,0.005084180850624227,75509180.26271096
11,0.0841225757244492,0.0003117788041406144,146753977.39824045,0.0038102057987358558,96782768.5028038
12,0.09726803628403805,0.00036049925735725467,170566845.2402633,0.003214456429703193,112534487.10742752
13,0.01363153052752826,5.052165275054394e-05,16939832.04751005,1638.3811294142447,11004379.469677888
