,OH,HSO3,HO2,SO3,H2SO4,H2O
0,3.088520445087038,0.011446439117547204,10545189.983575977,75761.91204030784,6756453.479070943,3390387914909491.0
1,6.157473289896137,0.022820366588856694,21081111.76510026,105.0154453438766,13912151.664484128,6780775829818982.0
2,12.2371298909164,0.0453523677486875,42125209.12015584,4.7155718672115,27916796.88002131,1.3561551659637964e+16
3,18.239870336357146,0.06759934025944381,63132408.52629005,2.5827455875591703,41884215.07772896,2.034232748945694e+16
4,24.16658423484055,0.08956458042498142,84102825.91058785,1.8159387000484881,55832010.0233839,2.712310331927593e+16
5,27.297517739713903,0.10116827610152589,95274918.67835203,1.552240182466433,63266071.52286665,3.092199368067889e+16
6,36.93913244436778,0.13690156299359085,130098180.5278542,1.0989581708436222,86455120.32855165,4.221889419497036e+16
7,51.24427550022487,0.18991875982407497,182978595.01868325,0.758503570701942,121722051.14016819,5.943666940125777e+16
8,9.206972135447423,0.034122203343732935,31607779.952509858,8.990941081746296,20922096.38154298,1.017116374472847e+16
