,OH,HSO3,HO2,SO3,H2SO4
0,1286067.6829676973,9570.360726724906,22323250.346361168,8131169.5838674,2567342.2273092843
1,2571801.9963154993,19138.250905288234,44644052.89778963,8440837.01619061,13299575.808556005
2,5142270.929454628,38266.622686277675,89278316.73017906,3631903.6644206173,40316656.70055541
3,10279212.926358966,76493.7534054058,178517494.10404631,1271731.7439484578,86873494.86836025
4,12845687.64858127,95592.52459662355,223122416.0914896,973688.6804045561,109239101.13260053
5,15410832.624542661,114681.44116970984,267717565.90547016,792813.7491966387,131477809.26395358
6,19256058.62446755,143296.3519947637,334591977.02365947,622466.7515539321,164721467.31671676
7,25658131.608309742,190938.68350167453,446000527.71312404,460037.6382787104,219977802.37272215
