,OH,HSO3,HO2,SO3,H2SO4,H2O
0,0.4906531458464041,0.0018184441998939122,9417159.947869623,41187.01258065317,6061920.558528639,3390822998376274.0
1,0.9783893071332518,0.003626078765219309,18826708.872665226,20.68635282998661,12424217.644876363,6781645996752548.0
2,1.9451737687857675,0.007209152775968062,37623017.354317434,0.7495256270334414,24932161.21498053,1.3563291993505096e+16
3,2.90047868035756,0.01074968630190584,56389012.62005518,0.4107702721293385,37408260.53382905,2.0344937990257644e+16
4,3.8444279251682207,0.01424813838081738,75124781.48241708,0.28892023085990026,49868142.45901348,2.712658398701019e+16
5,4.3433944982087365,0.01609740354653237,85107426.75619626,0.24701194907481844,56509692.15457471,3.092596185439472e+16
6,5.881279192988549,0.021797105663232334,116227974.97113442,0.17498555994072806,77229040.80878353,4.222431208322124e+16
7,8.166813648706437,0.03026776863081729,163499493.12388703,0.12088914144489149,108746832.17961939,5.944429682113601e+16
8,1.4632242793842836,0.0054229622246776705,28228657.70540546,1.4270626203285155,18684791.546470426,1.0172468995128822e+16
