,OH,HSO3,HO2,SO3,H2SO4,H2O
0,4.897959960889529e-07,3.6437266840732754e-09,9806696.38541039,17221.867166267308,6545784.897303875,3390822998376274.0
1,9.765422272648344e-07,7.264768003829545e-09,19606203.16859168,0.2727104700535785,13310383.007062128,6781645996752548.0
2,1.9409523327932387e-06,1.4439292408731216e-08,39183682.315143675,2.4350754031661176e-06,26697880.774276868,1.3563291993505096e+16
3,2.893363257910208e-06,2.1524561981556495e-08,58732506.07198444,9.556137793451366e-07,40060285.84706149,2.0344937990257652e+16
4,3.833906461045628e-06,2.85215544610126e-08,78252742.84581056,6.243328928129754e-07,53411180.6211579,2.712658398701019e+16
5,6.8417720983854784e-06,5.089807116849856e-08,142178661.62400472,3.020090099395215e-07,97213353.17248034,4.9447559573843784e+16
6,9.50985318232147e-06,7.07469124606309e-08,200919210.95476186,2.0501351254714566e-07,137579596.83935222,7.001342750697682e+16
