,OH,HSO3,HO2,SO3,H2SO4
0,0.0017659771758727104,1.3137357066794192e-05,406009788.00801367,1.1008710369512932e-05,274523936.95203483
1,0.002146507711276854,1.596823623659433e-05,504446738.13048315,8.597624705266143e-06,341704359.2272428
2,0.0023757407295749476,1.767357987519231e-05,566047269.6954243,7.522902534111106e-06,383869270.9753468
