,OH,HSO3,HO2,SO3,H2SO4,H2O
0,0.006965814428010985,5.183426080083646e-05,16043999.338609206,150906.25568441142,9078148.202053877,4327917252115147.5
1,0.013913739042391732,0.00010353545591647206,32081970.592864677,52.98341627714489,18772957.35339122,8655834504230295.0
2,0.02775608759831095,0.00020653990393548985,64139843.8785954,0.021808081565147387,37766266.51660893,1.731166900846059e+16
3,0.05522795756224059,0.00041096577167307625,128183418.58865331,0.006827770339115411,75662656.20593008,3.462333801692118e+16
4,0.06885814697961129,0.0005123921582680541,160169179.9130645,0.00521697987422486,94589344.20431133,4.327917252115145e+16
5,0.08241828194686707,0.0006132974708494497,192130963.73073605,0.004238658313002528,113506850.28111225,5.193500702538175e+16
6,0.10262785351027633,0.000763683788384425,240028746.8506391,0.003316795497315371,141868818.0854255,6.49187587817272e+16
7,0.13596485091883687,0.0010117568582792443,319738919.5741499,0.002437435588546113,189105420.9296585,8.65583450423029e+16
