,OH,HSO3,HO2,SO3,H2SO4
0,933.2239941227247,3.4586734095535254,261908415.94717166,5.1438082387131026,166669756.89510584
1,1352.366251486871,5.012086103740425,297833511.9840502,5.500325175812552,188675266.7274886
