,OH,HSO3,HO2,SO3,H2SO4,H2O
0,4.869203351121986e-05,3.6222183031390394e-07,10521266.223342426,58839.81820429715,6844627.727639068,3390387914909491.0
1,9.711228102752178e-05,7.224221142349663e-07,21035522.858652133,6.413796506019505,14054629.472164461,6780775829818982.0
2,0.00019314279217560998,1.4367980105846625e-06,42043038.27646747,0.00024220984027004933,28208168.597149692,1.3561551659637964e+16
3,0.0002881022137881013,2.14320711982155e-06,63022607.95792402,9.5089033342243e-05,42331303.17015238,2.034232748945694e+16
4,0.0003820011184496328,2.8417280713918575e-06,83974293.4190283,6.217829491737196e-05,56441205.49416503,2.712310331927593e+16
5,0.000685232194067612,5.097494280792112e-06,153093581.78729057,3.0044959159329014e-05,103059171.98002681,4.959638676679087e+16
6,0.0009608457025934846,7.147821153576522e-06,217963432.184575,2.0274011853354774e-05,146920141.85005274,7.0740751418890584e+16
7,0.0013918790247886565,1.0354358703533564e-05,323681051.27876514,1.3087210435609786e-05,218634513.52224833,1.0538715593428358e+17
8,0.0010960304108562405,8.153482636066947e-06,250538467.3166493,1.7383728085066995e-05,168986475.15766278,8.139156932790602e+16
