,OH,HSO3,HO2,SO3,H2SO4,H2O
0,0.29981779509543915,0.0022310192203129774,16039628.567531666,371676.408902012,8800931.071472023,4327519266053991.5
1,0.5989854232964071,0.004457202772534896,32074133.288503382,726.0251078141011,18733219.446519304,8655038532107983.0
2,1.1953753940268859,0.008895101643310772,64127782.360809736,0.9403370272862631,37725418.4915603,1.7310077064215966e+16
3,2.380410543750161,0.017713296698949374,128173717.09708422,0.2943066103518011,75592305.72124857,3.4620154128431932e+16
4,2.969076396079103,0.022093746578660277,160166047.29555583,0.2249570209564553,94502687.7609524,4.3275192660539896e+16
5,3.5551881429151173,0.02645519994928548,192137982.34697115,0.18284211971147424,113403689.4256738,5.1930231192647896e+16
6,4.4295891771521525,0.032961927798897415,240057692.53702453,0.14316013576386857,141740757.26015818,6.4912788990809864e+16
7,5.874297987884793,0.04371256432612443,319822214.21096385,0.10530897942399384,188935766.73767957,8.655038532107979e+16
