,OH,HSO3,HO2,SO3,H2SO4,H2O
0,7.771148216824663e-05,5.78124443194197e-07,351789248.4921428,4.905913619012656e-07,237808078.8163188,1.2844653212282824e+17
1,9.52556682905795e-05,7.086444969127875e-07,440749566.11779976,3.8003430092046433e-07,298497797.4389462,1.6139535021424877e+17
2,0.00010535123857250642,7.837509912318474e-07,493881766.3473296,3.3331087855199694e-07,334852314.3082805,1.8116754692087677e+17
