,OH,HSO3,HO2,SO3,H2SO4,SO2
0,65.8295187835989,0.24397421565205657,234740204.1337725,0.5886380130485711,156280938.76330906,13587304663350.613
1,75.70034438952979,0.2805573655863999,272613503.05055404,0.4995170018084357,181623645.4352281,13587304663350.613
