,OH,HSO3,HO2,SO3,H2SO4,H2O
0,2.2572726690366188e-06,1.679246991839329e-08,9395679.46117813,31585.724565051394,6134724.497391153,3390822998376274.0
1,4.502795955978106e-06,3.349754477331817e-08,18785543.505257517,1.1329285156756659,12551055.20435039,6781645996752548.0
2,8.958810210081042e-06,6.664711447414741e-08,37547849.00556589,1.1239386181134802e-05,25191123.063712098,1.3563291993505096e+16
3,1.3368471890655013e-05,9.945190069047396e-08,56286963.74466415,4.415291466544717e-06,37804745.152551845,2.0344937990257644e+16
4,1.7732206114493192e-05,1.319150651781651e-07,75002934.83356357,2.887594842791514e-06,50407247.207114205,2.712658398701019e+16
5,3.184728268249256e-05,2.3692179559923593e-07,136759117.66533643,1.3966436685250142e-06,92049837.55728728,4.9602751397752296e+16
6,4.470851050514966e-05,3.3260117521323777e-07,194735951.78988093,9.434598910349359e-07,131236600.54628643,7.0749829474895576e+16
7,6.488626003953269e-05,4.827117410611288e-07,289256160.1547122,6.101366885898108e-07,195322873.3122767,1.0540068011213846e+17
8,5.102824400169167e-05,3.796161467056485e-07,223855940.4263174,8.094128130024456e-07,150953885.12659413,8.140201418762088e+16
