,OH,HSO3,HO2,SO3,H2SO4
0,37840.89035755736,57.91699332763976,69845724.26980965,6517.543704141813,37905233.319514036
1,76158.7928868756,116.5642125020521,141156527.3010244,2830.880223217407,76681242.64717758
2,113216.11175939468,173.2821887998537,210686312.80563614,1846.482986641958,114503424.92471522
3,150740.6783563497,230.71544705225784,281664225.8697205,1362.4026108408068,153139719.70051393
4,187030.91776620157,286.2596376949981,350859387.7278031,1083.3125851739667,190835843.69038326
5,132028.01585320279,202.0747477102172,246196916.73348507,1568.1414184592043,133829680.73412412
6,95166.22268268636,145.65596456795734,176749997.33852428,2223.2471297752254,96040248.20185354
