,OH,HSO3,HO2,SO3,H2SO4,H2O
0,2581603.4406172754,19211.258602613194,129173375.72059864,243448.95644747742,67350211.12690297,3.4602137523050496e+16
