,OH,HSO3,HO2,SO3,H2SO4
0,95261.23670262747,145.801163660163,69581329.95742698,16407.765651327307,37493742.94046734
1,191883.20958499442,293.6853378095991,140634902.59206703,7132.48904874037,75876937.87600274
2,285481.5257759871,436.94201097240915,209927267.00935587,4656.035556259835,113311847.80275115
3,380417.3153817402,582.24609438927,280677496.0528853,3438.238222480327,151553595.53568032
4,472382.7736397937,723.0042669034975,349665989.3707696,2736.118432464729,188866581.03347695
5,333055.0471510309,509.75567608651426,245322039.29007015,3955.815574862014,132440539.91477627
6,239872.46841445964,367.1351383369166,176105117.67682594,5603.856716076012,95037693.26139636
