,OH,HSO3,HO2,SO3,H2SO4,SO2
0,0.7673615472242026,0.005708399869966567,7836113.521745652,2343636.2608439936,1862960.3550343802,27174609326701.22
1,1.5336287718720198,0.011408662430576338,15670155.725133007,1000186.254929105,7771360.771667771,27174609326701.22
2,3.0628862416673828,0.022784820136260212,31332030.18453364,11758.997753511352,18104433.290020615,27174609326701.22
3,4.587784363583896,0.03412856197670537,46985631.38668391,56.59048742712511,27475205.543178424,27174609326701.22
4,6.108335056285655,0.045439976547511265,62630967.32901527,7.702942511938325,36776417.70352507,27174609326701.22
5,9.136441651735618,0.0679661769475539,93896875.36875995,3.02589856491943,55288051.63629018,27174609326701.22
6,12.147300671099451,0.09036412485311135,125129818.06283242,1.9833396919415702,73752808.26734138,27174609326701.22
7,15.141006196377843,0.11263451961144433,156329858.99464127,1.4970340879883348,92193599.05335382,27174609326701.22
8,9.136441651735618,0.0679661769475539,93896875.36875995,3.02589856491943,55288051.63629018,27174609326701.22
9,3.0628862416673828,0.022784820136260212,31332030.18453364,11758.997753511352,18104433.290020615,27174609326701.22
