,OH,HSO3,HO2,SO3,H2SO4,SO2
0,0.2638740142380514,0.0019635524285277015,14115143.733605847,327078.79615114024,7744888.610510053,34781732241819.465
1,0.5272444179102466,0.003923359213721299,28226319.30080288,638.9305655284677,16485530.058311004,34781732241819.465
2,1.052477949021327,0.007831762286927278,56436773.54927077,0.8279038968874337,33199562.900928836,34781732241819.465
3,2.096940702049468,0.015603910786858053,112810147.72356135,0.25925693319269527,66526011.659778886,34781732241819.465
4,2.6161840337285933,0.01946776111181887,140973098.01517954,0.1982181269142025,83169836.31925748,34781732241819.465
5,3.1334446983445168,0.023316865094310163,169120243.98614568,0.1611510215869496,99806001.42114116,34781732241819.465
6,3.9056334769934646,0.029062985292992425,211311362.93633157,0.12622573835331266,124748660.69543198,34781732241819.465
7,5.182800087798672,0.03856685397786272,281551086.9909491,0.09291204193028167,166293299.09953895,34781732241819.465
