,OH,HSO3,HO2,SO3,H2SO4,H2O
0,3195678.5860513523,23780.984186678834,159939351.0048544,190261.2301603584,83532763.07197167,4.284887931072958e+16
1,1263499.3737045762,9402.435524155033,63186817.69221906,705625.8987037068,32265741.375047725,1.6921501931270886e+16
