,OH,HSO3,HO2,SO3,H2SO4,SO2
0,0.0017082934975659778,1.270823410066344e-05,393596234.7753564,1.0813813329302117e-05,266178836.9204461,27174609326701.227
1,0.0020902903415832615,1.555001909359826e-05,493019187.8892126,8.362220110616283e-06,334064902.01391953,27174609326701.227
2,0.00230941771605075,1.7180181896246656e-05,552379325.4843037,7.326488395808009e-06,374721708.93475175,27174609326701.227
