,OH,HSO3,HO2,SO3,H2SO4,H2O
0,4008446.5068766405,29832.759832447442,166642827.20867553,378542.4909100539,84295979.96195172,3.4699178742413904e+16
