,OH,HSO3,HO2,SO3,H2SO4,H2O
0,3286833.8161260784,0.0,8741252.766534107,0.0,17896983.775469393,0.0
