stage_num,H2O_1,H2O_2,Q1,Q2,H2Oconc_1,H2Oconc_2,SO2flow,O2flow,N2flow,T
1,54.26566,0,8.5,0,1,1,10.7,104,10.5,28
2,161.98066,0,8.5,0,1,1,10.7,104,10.5,28
3,215.83816,0,8.5,0,1,1,10.7,104,10.5,28
4,323.55316,0,8.5,0,1,1,10.7,104,10.5,28
5,431.26816,0,8.5,0,1,1,10.7,104,10.5,28
6,538.98316,0,8.5,0,1,1,10.7,104,10.5,28
7,659.392,0,8.5,0,1,1,10.7,104,10.5,28
8,768.799,0,8.5,0,1,1,10.7,104,10.5,28
9,987.613,0,8.5,0,1,1,10.7,104,10.5,28
10,1206.427,0,8.5,0,1,1,10.7,104,10.5,28
