,H2O_2,H2O_1,UVC,Q1,Q2,H2Oconc_2,H2Oconc_1
1,0,0,1,11.0,12.0,65105590283298.586,65105590283298.586
2,0,100,1,11.0,12.0,1284780484069475.2,2686359193963448.5
3,0,200,1,11.0,12.0,4038772545075645.5,8444706230612713.0
4,0,400,1,11.0,12.0,1.9077485849297844e+16,3.98892885939864e+16
5,0,600,1,11.0,12.0,3.5060401159940068e+16,7.330811151623832e+16
6,0,800,1,10.0,12.0,4.360973057574149e+16,9.594140726663126e+16
7,0,1000,1,10.0,12.0,4.964412199610498e+16,1.0921706839143094e+17
8,0,1500,1,11.0,12.0,7.080883615437406e+16,1.4805483923187306e+17
9,0,2000,1,11.0,12.0,1.0548859135514294e+17,2.2056705465166253e+17
10,0,2500,1,11.0,12.0,1.2855366092491254e+17,2.6879401829754442e+17
11,0,3000,1,11.0,12.0,1.6152995616676182e+17,3.3774445380322925e+17
12,0,3500,1,11.0,12.0,1.813186464341385e+17,3.7912080618047136e+17
13,0,2000,1,11.0,12.0,8.146990513749312e+16,1.7034616528748563e+17
