,H2Oflow1,H2Oflow2,H2Oconc1,H2Oconc2,O2flow1,O2flow2,Q1,Q2,N2flow1,N2flow2,I2conc1,I2conc2
0,400,0.0,8.34513855214374e+16,3.556141708353519e+16,50,0,9588.0,22500,11759.0,12912.0,2578275845.308316,1098689280.2140505
1,600,0.0,9.163926706903867e+16,3.905054634035301e+16,50,0,9588.0,22500,11759.0,12912.0,2216348494.8485174,944459971.9381149
2,1000,0.0,1.0705276366311482e+17,4.561875102230866e+16,50,0,9588.0,22500,10690.0,12912.0,3211079704.8655515,1368348098.2333736
3,1500,0.0,1.4006762103925448e+17,5.968748224552764e+16,50,0,9588.0,22500,10690.0,12912.0,3195770838.30775,1361824479.8975427
4,2000,0.0,1.9528860572388506e+17,8.321898451913822e+16,50,0,9588.0,22500,9621.0,12912.0,3124642011.74274,1331514115.9373064
5,2500,0.0,2.6039375461800726e+17,1.109624586345535e+17,50,0,9588.0,22500,9621.0,12912.0,3125113687.3498425,1331715112.6360128
6,3000,0.0,3.201178238977216e+17,1.364128753569491e+17,50,0,9588.0,22500,8552.0,12912.0,3097091671.4862533,1319773997.609342
7,3500,0.0,3.732368530029088e+17,1.5904866429297286e+17,50,0,9588.0,22500,8552.0,12912.0,2856611246.78928,1217297272.6318052
8,4000,0.0,4.007265465079231e+17,1.707629390185763e+17,50,0,9588.0,22500,7483.0,12912.0,2779874184.0171156,1184597052.2824936
