,H2Oflow1,H2Oflow2,H2Oconc1,H2Oconc2,O2flow1,O2flow2,Q1,Q2,N2flow1,N2flow2,I2conc1,I2conc2
0,500,0,5.611013978809459e+16,2.618473190111081e+16,50,0,10500,22500,11000,12000,4055402652.1988773,1892521237.6928093
1,700,0,6.146557185908407e+16,2.868393353423923e+16,50,0,10500,22500,11000,12000,3610872378.702602,1685073776.727881
2,1000,0,7.322298090641019e+16,3.4170724422991428e+16,50,0,10500,22500,10000,12000,3642664015.5878906,1699909873.9410155
3,1500,0,9.065293542094618e+16,4.230470319644155e+16,50,0,10500,22500,9500,12000,3397151827.916304,1585337519.6942754
4,2000,0,1.2757136546395018e+17,5.9533303883176744e+16,50,0,10500,22500,9000,12000,3127247617.002696,1459382221.2679248
5,2500,0,1.6561159606818435e+17,7.728541149848603e+16,50,0,10500,22500,8500,12000,2873548561.4686804,1340989328.6853843
6,3000,0,2.023972344111823e+17,9.445204272521842e+16,50,0,10500,22500,8000,12000,2649659405.82847,1236507722.7199528
7,4000,0,2.7433087833723254e+17,1.2802107655737518e+17,50,0,10500,22500,7000,12000,2274345071.257892,1061361033.253683
8,2000,0,1.1511368667909552e+17,5.371972045024458e+16,50,0,10500,22500,9000,12000,3091055759.735255,1442492687.8764522
