,H2Oflow,H2Oconc,O2flow,N2flow,Q,I2flow,I2conc
0,500,1.2749484311107858e+16,50,22000,22500,10,4120437908.1726074
1,750,1.5707639472041338e+16,50,22000,22500,10,3361145621.538162
2,1000,1.8358999583677692e+16,50,22000,22500,10,2870556890.964508
3,1250,2.100171717241288e+16,50,22000,22500,10,2498469758.0337524
4,1500,2.2727752896889788e+16,50,22000,22500,10,2027802196.1450577
5,1750,2.5205675891709548e+16,50,22000,22500,10,1826618248.2242584
6,2000,2.820818642959007e+16,50,22000,22500,10,1534721410.2745056
7,1000,1.613414041481515e+16,50,22000,22500,10,2108057373.7621307
