,H2Oflow1,H2Oflow2,H2Oconc1,H2Oconc2,O2flow1,O2flow2,Q1,Q2,N2flow1,N2flow2,I2conc1,I2conc2
0,400,0,7.620303660757541e+16,3.556141708353519e+16,50,0,10500,22500,11000,12000,2354334171.887251,1098689280.2140505
1,600,0,8.367974215789931e+16,3.905054634035301e+16,50,0,10500,22500,11000,12000,2023842797.0102463,944459971.9381149
2,1000,0,9.77544664763757e+16,4.561875102230866e+16,50,0,10500,22500,10000,12000,2932174496.214372,1368348098.2333736
3,1500,0,1.2790174766898779e+17,5.968748224552764e+16,50,0,10500,22500,10000,12000,2918195314.066163,1361824479.8975427
4,2000,0,1.7832639539815334e+17,8.321898451913822e+16,50,0,10500,22500,9000,12000,2853244534.151371,1331514115.9373064
5,2500,0,2.377766970740432e+17,1.109624586345535e+17,50,0,10500,22500,9000,12000,2853675241.3628845,1331715112.6360128
6,3000,0,2.923133043363195e+17,1.364128753569491e+17,50,0,10500,22500,8000,12000,2828087137.7343044,1319773997.609342
7,3500,0,3.4081856634208474e+17,1.5904866429297286e+17,50,0,10500,22500,8000,12000,2608494155.6395826,1217297272.6318052
8,4000,0,3.659205836112349e+17,1.707629390185763e+17,50,0,10500,22500,7000,12000,2538422254.8910575,1184597052.2824936
