,H2Oflow1,H2Oflow2,H2Oconc1,H2Oconc2,O2flow1,O2flow2,Q1,Q2,N2flow1,N2flow2,I2conc1,I2conc2
0,400,0,5.9985800219812904e+16,2.799337343591269e+16,50,0,10500,22500,11000,12000,2354334171.887251,1098689280.2140505
1,600,0,6.587134212746321e+16,3.0739959659482828e+16,50,0,10500,22500,11000,12000,2023842797.0102463,944459971.9381149
2,1000,0,7.69507378930794e+16,3.5910344350103716e+16,50,0,10500,22500,10000,12000,2932174496.214372,1368348098.2333736
3,1500,0,1.0068219095975123e+17,4.698502244788391e+16,50,0,10500,22500,10000,12000,2918195314.066163,1361824479.8975427
4,2000,0,1.4037565961261949e+17,6.550864115255576e+16,50,0,10500,22500,9000,12000,2853244534.151371,1331514115.9373064
5,2500,0,1.871739773450525e+17,8.734785609435784e+16,50,0,10500,22500,9000,12000,2853675241.3628845,1331715112.6360128
6,3000,0,2.301043141602141e+17,1.073820132747666e+17,50,0,10500,22500,8000,12000,2828087137.7343044,1319773997.609342
7,3500,0,2.6828687335757642e+17,1.2520054090020232e+17,50,0,10500,22500,8000,12000,2608494155.6395826,1217297272.6318052
8,4000,0,2.8804677611284067e+17,1.3442182885265899e+17,50,0,10500,22500,7000,12000,2538422254.8910575,1184597052.2824936
