,H2Oflow,O2flow,N2flow,I2flow,I2conc
0,500,50,22.5,10,4223555111.885071
1,750,50,22.75,10,3407565909.6240997
2,1000,50,23.0,10,2936691969.6331024
3,1250,50,23.25,10,2497167217.731476
4,1500,50,23.5,10,2102214515.209198
5,1750,50,23.75,10,1841705477.2377014
6,2000,50,24.0,10,1567016345.2625275
7,1000,50,23.0,10,2100138515.2339935
