,N2flow2,H2Oflow2,N2flow1,H2Oflow1,SO2flow,O2flow1,UVC,H2Oconc2,H2Oconc1,Q1,Q2,O2flow2
11,12000,0,8500,2500,2.5,50,1,7.643834572197453e+16,1.634070516770253e+17,10500.0,22500.0,0
12,12000,0,8000,3000,2.5,50,1,8.888257997394374e+16,1.9007326793124506e+17,10500.0,22500.0,0
