,H2Oflow,SO2flow,O2flow,UVC,N2flow,SO2signal,SO2signal_err,RH,H2Osignal,H2Osignal_err,Q
0,0,5.0,50,1,20000.0,1.0276588179693396,0.0030674003130493578,0.010883011554690732,83741541122405.31,6461240306906.207,17600.0
1,100,5.0,50,1,20000.0,0.920126629285452,0.003692636139252655,0.26400034407122147,2031404226511233.5,30239262193580.652,17600.0
2,200,5.0,50,1,20000.0,0.7798033708213394,0.0014283017241107125,0.7486684299335489,5760781176907289.0,44006132201861.695,17600.0
3,400,5.0,50,1,20000.0,0.3307630497667845,0.000882815302334153,2.883346395519542,2.2186494017500876e+16,69697128512050.92,17600.0
4,800,5.0,50,1,20000.0,0.019871934099478693,0.00025517670363118226,6.728312792330433,5.177236829639259e+16,177601608204784.94,17600.0
5,1000,5.0,50,1,20000.0,0.004544096298421386,7.106829904364411e-05,8.959555513135484,6.89411182439041e+16,313580436788146.44,17600.0
6,1200,5.0,50,1,20000.0,0.0025966532245059576,2.227464787767565e-05,10.666615323462466,8.207643640345232e+16,262337828759197.7,17600.0
7,1500,5.0,50,1,20000.0,0.001778381479172267,0.000265044502510619,12.589947215128058,9.687590398543126e+16,2882553399192563.0,17600.0
8,2000,5.0,50,1,20000.0,0.0018511585301745341,5.727747997815394e-05,15.324812114085178,1.1791987699320859e+17,778029683296041.8,17600.0
