,N2flow2,H2Oflow2,N2flow1,H2Oflow1,SO2flow,O2flow,UVC,SO2signal,SO2signal_err,RH,H2Osignal,H2Osignal_err,H2Oconc2,H2Oconc1
10,12.0,0,10.5,2500,5,50,1,0.00233993769650729,3.865800146756195e-05,16.706773607321676,1.2855366017297235e+17,4234004485689584.0,1.2855366017297235e+17,2.6302472622927706e+17
11,12.0,0,10.5,3000,5,50,1,0.0026641576908249323,3.293245416083182e-05,20.992357930889067,1.615299585130096e+17,1181820387716636.2,1.615299585130096e+17,3.3047624556117146e+17
12,12.0,0,10.5,3500,5,50,1,0.0027741361421744944,1.3391094814663251e-05,23.564086483133543,1.8131864579237034e+17,1484914432621390.2,1.8131864579237034e+17,3.709531059053184e+17
