,N2flow2,H2Oflow2,N2flow1,H2Oflow1,SO2flow,O2flow1,UVC,H2Oconc2,H2Oconc1,Q1,Q2,O2flow2
9,12911.329262446014,0.0,9624.509405186924,2214.2986425344043,5,50,1,1.04488772737261e+17,2.4508517987152803e+17,9588.670737553986,22500.0,0
10,12911.329262446014,0.0,9089.814438232095,2767.8733031680054,5,50,1,1.2725030471579184e+17,2.984955517086975e+17,9588.670737553986,22500.0,0
11,12911.329262446014,0.0,8555.119471277265,3321.4479638016064,5,50,1,1.5988568551666637e+17,3.7507509939759763e+17,9588.670737553986,22500.0,0
12,12911.329262446014,0.0,8020.424504322436,3875.022624435208,5,50,1,1.7936250262683603e+17,4.207778247255722e+17,9588.670737553986,22500.0,0
13,12911.329262446014,0.0,9624.509405186924,2214.2986425344043,5,50,1,8.06837456234769e+16,1.8922622666309053e+17,9588.670737553986,22500.0,0
