,N2flow2,H2Oflow2,N2flow1,H2Oflow1,SO2flow,O2flow,UVC,H2Oconc2,H2Oconc1,Q1,Q2
11,12.0,0,8.5,2500,2.5,50,1,7.643834572197453e+16,1.634070516770253e+17,10.5,22.5
12,12.0,0,8.0,3000,2.5,50,1,8.888257997394374e+16,1.9007326793124506e+17,10.5,22.5
