,N2flow2,H2Oflow2,N2flow1,H2Oflow1,SO2flow,O2flow,UVC,SO2signal,SO2signal_err,RH,H2Osignal,H2Osignal_err,H2Oconc2,H2Oconc1
11,12.0,0,14.0,2500,2.5,50,1,0.0006453077077381354,2.284356470030853e-05,12.65433771721201,9.737136977181386e+16,1729076342174549.8,9.737136977181386e+16,1.9960186117649187e+17
12,12.0,0,14.5,3000,2.5,50,1,0.0006920799292615676,2.2623930417487636e-05,14.714475745699525,1.1322351993847062e+17,2008565056427435.2,1.1322351993847062e+17,2.32026713790108e+17
