,N2flow2,H2Oflow2,N2flow1,H2Oflow1,SO2flow,O2flow,UVC,H2Oconc2,H2Oconc1
10,12.0,0,11.0,2500,5,50,1,1.295379911477384e+17,2.6503824754612352e+17
11,12.0,0,11.0,3000,5,50,1,1.6143166037394163e+17,3.302752982360847e+17
12,12.0,0,11.0,3500,5,50,1,1.814867351758835e+17,3.712970421491476e+17
