,N2flow2,H2Oflow2,N2flow1,H2Oflow1,SO2flow,O2flow,UVC,H2Oconc2,H2Oconc1
11,12.0,0,14.0,2500,2.5,50,1,9.720057973682658e+16,1.9925254461760058e+17
12,12.0,0,14.5,3000,2.5,50,1,1.1307675096151122e+17,2.3172653121354643e+17
