,N2flow2,H2Oflow2,N2flow1,H2Oflow1,SO2flow,O2flow1,UVC,H2Oconc2,H2Oconc1,Q1,Q2,O2flow2
10,12000,0,8500,2500,5,50,1,1.2855366017297235e+17,2.753873181011901e+17,10500.0,22500.0,0
11,12000,0,8000,3000,5,50,1,1.615299585130096e+17,3.460508145441271e+17,10500.0,22500.0,0
12,12000,0,7500,3500,5,50,1,1.8131864579237034e+17,3.884551444284715e+17,10500.0,22500.0,0
