,N2flow2,H2Oflow2,N2flow1,H2Oflow1,SO2flow,O2flow,UVC,H2Oconc2,H2Oconc1
10,12.0,0,10.5,2500,5,50,1,1.2855366017297235e+17,2.753873181011901e+17
11,12.0,0,10.5,3000,5,50,1,1.615299585130096e+17,3.460508145441271e+17
12,12.0,0,10.5,3500,5,50,1,1.8131864579237034e+17,3.884551444284715e+17
